quantile,empirical_exceedance_rate,target_exceedance_rate,exceedance_error,n_obs
0.5,0.49586776859504134,0.5,-0.004132231404958664,363.0
0.9,0.20110192837465565,0.09999999999999998,0.10110192837465568,363.0
0.95,0.14600550964187328,0.050000000000000044,0.09600550964187324,363.0
