lower_quantile_column,upper_quantile_column,empirical_coverage,average_interval_width,n_obs
q_0.5,q_0.9,0.29476584022038566,21.27720651303073,363.0
q_0.9,q_0.95,0.05509641873278237,4.6223560713639795,363.0
