quantile,empirical_coverage,coverage_error,n_obs
0.5,0.49850746268656715,-0.0014925373134328512,335.0
0.9,0.7880597014925373,-0.11194029850746268,335.0
0.95,0.817910447761194,-0.13208955223880592,335.0
