model_name,quantile,pinball_loss,mae,rmse
gbr_quantile_0.5,0.5,8.436197953383855,16.87239590676771,21.2529785601198
gbr_quantile_0.9,0.9,4.3201452692195605,24.30434928153186,29.886565586217863
gbr_quantile_0.95,0.95,3.5243816389323794,27.793108535906786,33.67159421657905
