model_name,quantile,pinball_loss,mae,rmse
gbr_quantile_0.5,0.5,7.977631867388243,15.955263734776485,20.19418591300166
gbr_quantile_0.9,0.9,4.857351475176226,22.790293959898516,28.525882649087443
gbr_quantile_0.95,0.95,3.840220183512878,26.26282178963121,32.755788379320684
