quantile,empirical_coverage,coverage_error,n_obs
0.5,0.4807121661721068,-0.019287833827893175,337.0
0.9,0.7032640949554896,-0.19673590504451044,337.0
0.95,0.7566765578635015,-0.19332344213649844,337.0
