lower_quantile_column,upper_quantile_column,empirical_coverage,average_interval_width,n_obs
q_0.5,q_0.9,0.28955223880597014,18.328011742395926,335.0
q_0.9,q_0.95,0.029850746268656716,4.664368828776441,335.0
