model_name,quantile,pinball_loss,mae,rmse
gbr_quantile_0.5,0.5,8.006845362766175,16.01369072553235,20.244746639145923
gbr_quantile_0.9,0.9,4.8573477026917775,22.790260026099745,28.526036445841005
gbr_quantile_0.95,0.95,3.838641502569114,26.261160020216725,32.754888096937414
