model_name,quantile,pinball_loss,mae,rmse
gbr_quantile_0.5,0.5,8.89426076789831,17.78852153579662,22.897065587493472
gbr_quantile_0.9,0.9,4.7396686388769345,27.487196513943115,34.64512299444242
gbr_quantile_0.95,0.95,3.2930841232196193,29.520050949439124,37.31578074167474
