lower_quantile_column,upper_quantile_column,empirical_coverage,average_interval_width,n_obs
q_0.5,q_0.9,0.22255192878338279,16.950857469198805,337.0
q_0.9,q_0.95,0.05341246290801187,4.776551007103235,337.0
