quantile,empirical_exceedance_rate,target_exceedance_rate,exceedance_error,n_obs
0.5,0.5014925373134328,0.5,0.0014925373134327957,335.0
0.9,0.21194029850746268,0.09999999999999998,0.1119402985074627,335.0
0.95,0.18208955223880596,0.050000000000000044,0.13208955223880592,335.0
