strategy_name,n_days,total_volume_mwh,total_cost,average_unit_cost,daily_cost_volatility,coefficient_of_variation,max_daily_cost,min_daily_cost,p95_daily_cost,p99_daily_cost,extreme_cost_threshold,n_extreme_cost_days,share_extreme_cost_days,delta_total_cost_vs_spot_only,relative_delta_total_cost_vs_spot_only,delta_daily_cost_volatility_vs_spot_only,relative_delta_daily_cost_volatility_vs_spot_only,delta_max_daily_cost_vs_spot_only,relative_delta_max_daily_cost_vs_spot_only,delta_p95_daily_cost_vs_spot_only,relative_delta_p95_daily_cost_vs_spot_only,delta_p99_daily_cost_vs_spot_only,relative_delta_p99_daily_cost_vs_spot_only,delta_n_extreme_cost_days_vs_spot_only,relative_delta_n_extreme_cost_days_vs_spot_only,delta_share_extreme_cost_days_vs_spot_only,relative_delta_share_extreme_cost_days_vs_spot_only,avoided_extreme_cost_days_vs_spot_only
heuristic_policy,335,335.0,19796.170000000002,59.093044776119406,18.684616979206872,0.3161897825707852,101.25,2.0,80.48000000000005,96.81960000000002,76.75,36,0.10746268656716418,-1033.0599999999977,-0.04959664855589946,-13.851477463181816,-0.42572649546824,-42.139999999999986,-0.29388381337610703,-30.885999999999953,-0.27733778711635465,-39.64700000000009,-0.290525300696288,2,0.058823529411764705,0.005970149253731349,0.05882352941176477,-2
static_hedge,335,335.0,20417.252,60.94702089552239,18.84988828687602,0.3092831775844989,108.297,21.165999999999997,84.16390000000001,93.25580000000001,80.91560000000001,34,0.10149253731343283,-411.97799999999916,-0.019778839640255504,-13.686206155512668,-0.4206468658906399,-35.09299999999999,-0.24473812678708412,-27.202099999999987,-0.24425857083849636,-43.210800000000106,-0.3166401156033789,0,0.0,0.0,0.0,0
rl_policy,335,335.0,20418.289999999997,60.95011940298507,32.69491053414888,0.536420779063275,143.39,1.72,111.203,136.4666000000001,101.796,34,0.10149253731343283,-410.9400000000023,-0.019729005824987402,0.15881609176019396,0.0048812278941901864,0.0,0.0,-0.1629999999999967,-0.00146364240432445,0.0,0.0,0,0.0,0.0,0.0,0
spot_only,335,335.0,20829.23,62.17680597014925,32.53609444238869,0.5232834645447868,143.39,1.72,111.366,136.4666000000001,102.81400000000001,34,0.10149253731343283,0.0,0.0,0.0,0.0,0.0,0.0,0.0,0.0,0.0,0.0,0,0.0,0.0,0.0,0
