strategy_name,n_days,total_volume_mwh,total_cost,average_unit_cost,daily_cost_volatility,coefficient_of_variation,max_daily_cost,min_daily_cost,p95_daily_cost,p99_daily_cost,extreme_cost_threshold,n_extreme_cost_days,share_extreme_cost_days
rl_policy,337,337.0,1759.64,5.221483679525223,14.383772753539905,2.7547290456814735,140.94,0.44,25.143999999999945,73.56919999999998,3.3480000000000074,34,0.10089020771513353
heuristic_policy,337,337.0,19231.85,57.067804154302664,31.215948570625102,0.5469975414898026,133.6,1.67,97.5,106.07839999999999,94.334,34,0.10089020771513353
spot_only,337,337.0,20880.379999999997,61.95958456973293,39.630243446895925,0.6396144151401425,146.67,0.44,132.378,142.39279999999997,115.98600000000003,34,0.10089020771513353
static_hedge,337,337.0,21679.815000000002,64.33179525222553,27.09745548252818,0.4212140416148383,113.12,16.678,104.442,111.75283999999998,97.33860000000001,34,0.10089020771513353
