strategy_name,n_days,total_volume_mwh,total_cost,average_unit_cost,daily_cost_volatility,max_daily_cost,min_daily_cost,n_buy_on_spot_days,n_static_m1_hedge_days,n_buy_m1_future_days,n_do_nothing_days,n_shift_production_days,savings_vs_spot_only,savings_share_vs_spot_only,volatility_delta_vs_spot_only
rl_policy,337,337.0,1589.39,4.716290801186944,13.642573710663882,140.94,0.44,,,9.0,25.0,303.0,19290.989999999998,0.9238811745763248,-25.987669736232043
heuristic_policy,337,337.0,19231.85,57.067804154302664,31.215948570625102,133.6,1.67,,,240.0,65.0,32.0,1648.5299999999988,0.07895114935647718,-8.414294876270823
spot_only,337,337.0,20880.379999999997,61.95958456973293,39.630243446895925,146.67,0.44,337.0,,,,,0.0,0.0,0.0
static_hedge,337,337.0,21679.815000000002,64.33179525222553,27.09745548252818,113.12,16.678,,337.0,,,,-799.435000000005,-0.03828642007473068,-12.532787964367746
