strategy_name,n_days,total_volume_mwh,total_cost,average_unit_cost,daily_cost_volatility,max_daily_cost,min_daily_cost,n_buy_on_spot_days,n_static_m1_hedge_days,n_buy_m1_future_days,n_do_nothing_days,n_shift_production_days
rl_policy,337,337.0,1759.64,5.221483679525223,14.383772753539905,140.94,0.44,,,9.0,40.0,288.0
heuristic_policy,337,337.0,19231.85,57.067804154302664,31.215948570625102,133.6,1.67,,,240.0,65.0,32.0
spot_only,337,337.0,20880.379999999997,61.95958456973293,39.630243446895925,146.67,0.44,337.0,,,,
static_hedge,337,337.0,21679.815000000002,64.33179525222553,27.09745548252818,113.12,16.678,,337.0,,,
