strategy_name,n_days,total_volume_mwh,total_cost,average_unit_cost,daily_cost_volatility,max_daily_cost,min_daily_cost,n_buy_on_spot_days,n_static_m1_hedge_days,n_buy_m1_future_days,n_do_nothing_days,n_shift_production_days,savings_vs_spot_only,savings_share_vs_spot_only,volatility_delta_vs_spot_only
rl_policy,335,335.0,2356.8,7.035223880597015,14.454906814386652,74.65,1.72,,,29.0,17.0,289.0,18472.43,0.8868513142348518,-18.081187628002034
heuristic_policy,335,335.0,19796.170000000002,59.093044776119406,18.684616979206872,101.25,2.0,,,297.0,35.0,3.0,1033.0599999999977,0.04959664855589946,-13.851477463181816
static_hedge,335,335.0,20417.252,60.94702089552239,18.84988828687602,108.297,21.165999999999997,,335.0,,,,411.97799999999916,0.019778839640255504,-13.686206155512668
spot_only,335,335.0,20829.23,62.17680597014925,32.53609444238869,143.39,1.72,335.0,,,,,0.0,0.0,0.0
