strategy_name,n_days,total_volume_mwh,total_cost,average_unit_cost,daily_cost_volatility,max_daily_cost,min_daily_cost,n_buy_on_spot_days,n_static_m1_hedge_days,n_buy_m1_future_days,n_do_nothing_days,n_shift_production_days
heuristic_policy,335,335.0,19796.170000000002,59.093044776119406,18.684616979206872,101.25,2.0,,,297.0,35.0,3.0
static_hedge,335,335.0,20417.252,60.94702089552239,18.84988828687602,108.297,21.165999999999997,,335.0,,,
rl_policy,335,335.0,20418.289999999997,60.95011940298507,32.69491053414888,143.39,1.72,,,2.0,329.0,4.0
spot_only,335,335.0,20829.23,62.17680597014925,32.53609444238869,143.39,1.72,335.0,,,,
